country,year,sex,rank,name,count,spellings
Denmark,2000,female,1,Julie,960,Julie
Denmark,2000,female,2,Emma,866,Emma
Denmark,2000,female,3,Sofie,849,Sofie/Sophie
Denmark,2000,female,4,Laura,779,Laura
Denmark,2000,female,5,Anna,635,Anna
Denmark,2000,female,6,Ida,568,Ida
Denmark,2000,female,7,Mathilde,563,Mathilde
Denmark,2000,female,8,Maria,526,Maria
Denmark,2000,female,9,Freja,461,Freja
Denmark,2000,female,10,Louise,435,Louise
Denmark,2000,male,1,Mathias,1035,Mathias/Matias/Matthias
Denmark,2000,male,2,Mads,1034,Mads
Denmark,2000,male,3,Mikkel,992,Mikkel
Denmark,2000,male,4,Rasmus,948,Rasmus
Denmark,2000,male,5,Emil,928,Emil
Denmark,2000,male,6,Oliver,904,Oliver
Denmark,2000,male,7,Frederik,884,Frederik/Frederick/Fredrik
Denmark,2000,male,8,Jonas,833,Jonas
Denmark,2000,male,9,Magnus,789,Magnus
Denmark,2000,male,10,Tobias,679,Tobias
Denmark,2001,female,1,Emma,901,Emma
Denmark,2001,female,2,Julie,891,Julie
Denmark,2001,female,3,Sofie,780,Sofie/Sophie
Denmark,2001,female,4,Laura,709,Laura
Denmark,2001,female,5,Mathilde,608,Mathilde
Denmark,2001,female,6,Anna,588,Anna
Denmark,2001,female,7,Ida,574,Ida
Denmark,2001,female,8,Freja,494,Freja
Denmark,2001,female,9,Maria,452,Maria
Denmark,2001,female,10,Sarah,437,Sara/Sarah
Denmark,2001,male,1,Mathias,911,Mathias/Matias/Matthias
Denmark,2001,male,2,Mads,904,Mads
Denmark,2001,male,3,Emil,900,Emil
Denmark,2001,male,4,Rasmus,881,Rasmus
Denmark,2001,male,5,Mikkel,875,Mikkel
Denmark,2001,male,6,Frederik,873,Frederik/Frederick/Fredrik
Denmark,2001,male,7,Magnus,868,Magnus
Denmark,2001,male,8,Oliver,798,Oliver
Denmark,2001,male,9,Tobias,770,Tobias
Denmark,2001,male,10,Jonas,744,Jonas
Denmark,2002,female,1,Emma,917,Emma
Denmark,2002,female,2,Julie,885,Julie
Denmark,2002,female,3,Sofie,883,Sofie/Sophie
Denmark,2002,female,4,Laura,825,Laura
Denmark,2002,female,5,Ida,698,Ida
Denmark,2002,female,6,Mathilde,648,Mathilde
Denmark,2002,female,7,Anna,583,Anna
Denmark,2002,female,8,Freja,465,Freja
Denmark,2002,female,9,Maria,393,Maria
Denmark,2002,female,10,Marie,389,Marie
Denmark,2002,male,1,Mikkel,923,Mikkel
Denmark,2002,male,2,Mads,918,Mads
Denmark,2002,male,3,Frederik,887,Frederik/Frederick/Fredrik
Denmark,2002,male,4,Emil,836,Emil
Denmark,2002,male,5,Magnus,809,Magnus
Denmark,2002,male,6,Mathias,806,Mathias/Matias/Matthias
Denmark,2002,male,7,Oliver,806,Oliver
Denmark,2002,male,8,Rasmus,784,Rasmus
Denmark,2002,male,9,Tobias,782,Tobias
Denmark,2002,male,10,Jonas,720,Jonas
Denmark,2003,female,1,Emma,1017,Emma
Denmark,2003,female,2,Julie,892,Julie
Denmark,2003,female,3,Laura,822,Laura
Denmark,2003,female,4,Sofie,756,Sofie/Sophie
Denmark,2003,female,5,Mathilde,747,Mathilde
Denmark,2003,female,6,Ida,681,Ida
Denmark,2003,female,7,Anna,607,Anna
Denmark,2003,female,8,Freja,510,Freja
Denmark,2003,female,9,Josefine,367,Josefine/Josephine
Denmark,2003,female,10,Lærke,348,Lærke
Denmark,2003,male,1,Frederik,912,Frederik/Frederick/Fredrik
Denmark,2003,male,2,Mikkel,899,Mikkel
Denmark,2003,male,3,Oliver,820,Oliver
Denmark,2003,male,4,Mads,807,Mads
Denmark,2003,male,5,Magnus,800,Magnus
Denmark,2003,male,6,Rasmus,775,Rasmus
Denmark,2003,male,7,Mathias,774,Mathias/Matias/Matthias
Denmark,2003,male,8,Emil,741,Emil
Denmark,2003,male,9,Jonas,696,Jonas
Denmark,2003,male,10,Tobias,647,Tobias
Denmark,2004,female,1,Emma,915,Emma
Denmark,2004,female,2,Laura,838,Laura
Denmark,2004,female,3,Mathilde,786,Mathilde
Denmark,2004,female,4,Julie,754,Julie
Denmark,2004,female,5,Ida,747,Ida
Denmark,2004,female,6,Sofie,701,Sofie/Sophie
Denmark,2004,female,7,Anna,631,Anna
Denmark,2004,female,8,Freja,560,Freja
Denmark,2004,female,9,Josefine,406,Josefine/Josephine
Denmark,2004,female,10,Lærke,400,Lærke
Denmark,2004,male,1,Magnus,924,Magnus
Denmark,2004,male,2,Mathias,889,Mathias/Matias/Matthias
Denmark,2004,male,3,Mikkel,840,Mikkel
Denmark,2004,male,4,Frederik,814,Frederik/Frederick/Fredrik
Denmark,2004,male,5,Oliver,798,Oliver
Denmark,2004,male,6,Mads,780,Mads
Denmark,2004,male,7,Emil,753,Emil
Denmark,2004,male,8,Tobias,695,Tobias
Denmark,2004,male,9,Rasmus,680,Rasmus
Denmark,2004,male,10,Sebastian,675,Sebastian
Denmark,2005,female,1,Laura,847,Laura
Denmark,2005,female,2,Emma,828,Emma
Denmark,2005,female,3,Sofie,743,Sofie/Sophie
Denmark,2005,female,4,Ida,698,Ida
Denmark,2005,female,5,Mathilde,694,Mathilde
Denmark,2005,female,6,Julie,641,Julie
Denmark,2005,female,7,Anna,604,Anna
Denmark,2005,female,8,Freja,593,Freja
Denmark,2005,female,9,Lærke,405,Lærke
Denmark,2005,female,10,Maja,366,Maja/Maya/Maia
Denmark,2005,male,1,Magnus,920,Magnus
Denmark,2005,male,2,Oliver,802,Oliver
Denmark,2005,male,3,Frederik,797,Frederik/Frederick/Fredrik
Denmark,2005,male,4,Emil,772,Emil
Denmark,2005,male,5,Mikkel,771,Mikkel
Denmark,2005,male,6,Mathias,744,Mathias/Matias/Matthias
Denmark,2005,male,7,Tobias,713,Tobias
Denmark,2005,male,8,Sebastian,710,Sebastian
Denmark,2005,male,9,Mads,685,Mads
Denmark,2005,male,10,Rasmus,632,Rasmus
Denmark,2006,female,1,Laura,817,Laura
Denmark,2006,female,2,Emma,747,Emma
Denmark,2006,female,3,Ida,690,Ida
Denmark,2006,female,4,Sofie,689,Sofie/Sophie
Denmark,2006,female,5,Anna,639,Anna
Denmark,2006,female,6,Mathilde,625,Mathilde
Denmark,2006,female,7,Julie,602,Julie
Denmark,2006,female,8,Freja,557,Freja
Denmark,2006,female,9,Maja,412,Maja/Maya/Maia
Denmark,2006,female,10,Lærke,403,Lærke
Denmark,2006,male,1,Mikkel,822,Mikkel
Denmark,2006,male,2,Magnus,768,Magnus
Denmark,2006,male,3,Frederik,756,Frederik/Frederick/Fredrik
Denmark,2006,male,4,Mads,751,Mads
Denmark,2006,male,5,Emil,742,Emil
Denmark,2006,male,6,Oliver,740,Oliver
Denmark,2006,male,7,Sebastian,727,Sebastian
Denmark,2006,male,8,Tobias,712,Tobias
Denmark,2006,male,9,Noah,654,Noah
Denmark,2006,male,10,Mathias,642,Mathias/Matias/Matthias
Denmark,2007,female,1,Emma,751,Emma
Denmark,2007,female,2,Laura,688,Laura
Denmark,2007,female,3,Ida,649,Ida
Denmark,2007,female,4,Mathilde,634,Mathilde
Denmark,2007,female,5,Anna,625,Anna
Denmark,2007,female,6,Sofie,608,Sofie/Sophie
Denmark,2007,female,7,Freja,513,Freja
Denmark,2007,female,8,Julie,490,Julie
Denmark,2007,female,9,Lærke,442,Lærke
Denmark,2007,female,10,Victoria,410,Victoria/Viktoria
Denmark,2007,male,1,Mikkel,800,Mikkel
Denmark,2007,male,2,Oliver,744,Oliver
Denmark,2007,male,3,Noah,736,Noah
Denmark,2007,male,4,William,733,William
Denmark,2007,male,5,Magnus,725,Magnus
Denmark,2007,male,6,Emil,721,Emil
Denmark,2007,male,7,Frederik,701,Frederik/Frederick/Fredrik
Denmark,2007,male,8,Mads,696,Mads
Denmark,2007,male,9,Mathias,659,Mathias/Matias/Matthias
Denmark,2007,male,10,Sebastian,627,Sebastian
Denmark,2008,female,1,Emma,784,Emma
Denmark,2008,female,2,Ida,720,Ida
Denmark,2008,female,3,Anna,609,Anna
Denmark,2008,female,4,Sofie,581,Sofie/Sophie
Denmark,2008,female,5,Freja,560,Freja
Denmark,2008,female,6,Laura,554,Laura
Denmark,2008,female,7,Mathilde,521,Mathilde
Denmark,2008,female,8,Lærke,517,Lærke
Denmark,2008,female,9,Julie,483,Julie
Denmark,2008,female,10,Isabella,457,Isabella
Denmark,2008,male,1,Oliver,779,Oliver
Denmark,2008,male,2,Emil,769,Emil
Denmark,2008,male,3,Mikkel,755,Mikkel
Denmark,2008,male,4,Magnus,742,Magnus
Denmark,2008,male,5,William,724,William
Denmark,2008,male,6,Noah,709,Noah
Denmark,2008,male,7,Frederik,666,Frederik/Frederick/Fredrik
Denmark,2008,male,8,Sebastian,638,Sebastian
Denmark,2008,male,9,Mads,609,Mads
Denmark,2008,male,10,Mathias,607,Mathias/Matias/Matthias
Denmark,2009,female,1,Ida,628,Ida
Denmark,2009,female,2,Emma,620,Emma
Denmark,2009,female,3,Lærke,574,Lærke
Denmark,2009,female,4,Anna,563,Anna
Denmark,2009,female,5,Isabella,534,Isabella
Denmark,2009,female,6,Freja,506,Freja
Denmark,2009,female,7,Laura,499,Laura
Denmark,2009,female,8,Sofie,485,Sofie/Sophie
Denmark,2009,female,9,Mathilde,409,Mathilde
Denmark,2009,female,10,Julie,400,Julie
Denmark,2009,male,1,Mikkel,713,Mikkel
Denmark,2009,male,2,William,690,William
Denmark,2009,male,3,Emil,679,Emil
Denmark,2009,male,4,Magnus,635,Magnus
Denmark,2009,male,5,Noah,629,Noah
Denmark,2009,male,6,Oliver,625,Oliver
Denmark,2009,male,7,Frederik,573,Frederik/Frederick/Fredrik
Denmark,2009,male,8,Sebastian,513,Sebastian
Denmark,2009,male,9,Tobias,502,Tobias
Denmark,2009,male,10,Mathias,494,Mathias/Matias/Matthias
Denmark,2010,female,1,Isabella,662,Isabella
Denmark,2010,female,2,Ida,635,Ida
Denmark,2010,female,3,Anna,573,Anna
Denmark,2010,female,4,Emma,559,Emma
Denmark,2010,female,5,Laura,466,Laura
Denmark,2010,female,6,Lærke,465,Lærke
Denmark,2010,female,7,Mathilde,444,Mathilde
Denmark,2010,female,8,Sofie,436,Sofie/Sophie
Denmark,2010,female,9,Freja,392,Freja
Denmark,2010,female,10,Maja,385,Maja/Maya/Maia
Denmark,2010,male,1,William,796,William
Denmark,2010,male,2,Noah,677,Noah
Denmark,2010,male,3,Mikkel,587,Mikkel
Denmark,2010,male,4,Magnus,580,Magnus
Denmark,2010,male,5,Frederik,571,Frederik/Frederick/Fredrik
Denmark,2010,male,6,Oliver,555,Oliver
Denmark,2010,male,7,Emil,546,Emil
Denmark,2010,male,8,Mathias,518,Mathias/Matias/Matthias
Denmark,2010,male,9,Sebastian,510,Sebastian
Denmark,2010,male,10,Mads,470,Mads
Denmark,2011,female,1,Emma,598,Emma
Denmark,2011,female,2,Ida,514,Ida
Denmark,2011,female,3,Laura,503,Laura
Denmark,2011,female,4,Isabella,477,Isabella
Denmark,2011,female,5,Anna,467,Anna
Denmark,2011,female,6,Lærke,425,Lærke
Denmark,2011,female,7,Sofie,420,Sofie/Sophie
Denmark,2011,female,8,Clara,402,Clara
Denmark,2011,female,9,Mathilde,384,Mathilde
Denmark,2011,female,10,Liva,366,Liva
Denmark,2011,male,1,William,653,William
Denmark,2011,male,2,Oliver,597,Oliver
Denmark,2011,male,3,Emil,554,Emil
Denmark,2011,male,4,Noah,537,Noah
Denmark,2011,male,5,Magnus,507,Magnus
Denmark,2011,male,6,Mikkel,499,Mikkel
Denmark,2011,male,7,Frederik,491,Frederik/Frederick/Fredrik
Denmark,2011,male,8,Alexander,443,Alexander
Denmark,2011,male,9,Mathias,437,Mathias/Matias/Matthias
Denmark,2011,male,10,Sebastian,432,Sebastian
Denmark,2012,female,1,Ida,529,Ida
Denmark,2012,female,2,Emma,512,Emma
Denmark,2012,female,3,Laura,407,Laura
Denmark,2012,female,4,Isabella,404,Isabella
Denmark,2012,female,5,Freja,400,Freja
Denmark,2012,female,6,Anna,388,Anna
Denmark,2012,female,7,Sofie,366,Sofie/Sophie
Denmark,2012,female,8,Alberte,356,Alberte
Denmark,2012,female,9,Lærke,354,Lærke
Denmark,2012,female,10,Clara,340,Clara
Denmark,2012,male,1,William,570,William
Denmark,2012,male,2,Noah,501,Noah
Denmark,2012,male,3,Liam,497,Liam
Denmark,2012,male,4,Frederik,482,Frederik/Frederick/Fredrik
Denmark,2012,male,5,Emil,476,Emil
Denmark,2012,male,6,Oliver,475,Oliver
Denmark,2012,male,7,Magnus,462,Magnus
Denmark,2012,male,8,Mikkel,457,Mikkel
Denmark,2012,male,9,Elias,397,Elias
Denmark,2012,male,10,Alexander,381,Alexander
Denmark,2013,female,1,Ida,505,Ida
Denmark,2013,female,2,Isabella,416,Isabella
Denmark,2013,female,3,Emma,410,Emma
Denmark,2013,female,4,Anna,383,Anna
Denmark,2013,female,5,Laura,368,Laura
Denmark,2013,female,6,Alma,340,Alma
Denmark,2013,female,7,Ella,330,Ella
Denmark,2013,female,8,Sofie,328,Sofie/Sophie
Denmark,2013,female,9,Freja,319,Freja
Denmark,2013,female,10,Olivia,319,Olivia
Denmark,2013,male,1,William,605,William
Denmark,2013,male,2,Noah,515,Noah
Denmark,2013,male,3,Emil,452,Emil
Denmark,2013,male,4,Oliver,446,Oliver
Denmark,2013,male,5,Frederik,444,Frederik/Frederick/Fredrik
Denmark,2013,male,6,Magnus,422,Magnus
Denmark,2013,male,7,Liam,403,Liam
Denmark,2013,male,8,Alexander,373,Alexander
Denmark,2013,male,9,Elias,362,Elias
Denmark,2013,male,10,Mikkel,349,Mikkel
Denmark,2014,female,1,Emma,496,Emma
Denmark,2014,female,2,Ida,454,Ida
Denmark,2014,female,3,Laura,407,Laura
Denmark,2014,female,4,Anna,380,Anna
Denmark,2014,female,5,Ella,379,Ella
Denmark,2014,female,6,Alma,355,Alma
Denmark,2014,female,7,Isabella,355,Isabella
Denmark,2014,female,8,Freja,335,Freja
Denmark,2014,female,9,Olivia,333,Olivia
Denmark,2014,female,10,Clara,331,Clara
Denmark,2014,male,1,William,600,William
Denmark,2014,male,2,Noah,563,Noah
Denmark,2014,male,3,Emil,447,Emil
Denmark,2014,male,4,Frederik,431,Frederik/Frederick/Fredrik
Denmark,2014,male,5,Oliver,430,Oliver
Denmark,2014,male,6,Magnus,386,Magnus
Denmark,2014,male,7,Elias,365,Elias
Denmark,2014,male,8,Anton,338,Anton
Denmark,2014,male,9,Alfred,329,Alfred
Denmark,2014,male,10,Alexander,323,Alexander
Denmark,2015,female,1,Ella,449,Ella
Denmark,2015,female,2,Alma,445,Alma
Denmark,2015,female,3,Anna,419,Anna
Denmark,2015,female,4,Emma,415,Emma
Denmark,2015,female,5,Laura,412,Laura
Denmark,2015,female,6,Ida,390,Ida
Denmark,2015,female,7,Isabella,369,Isabella
Denmark,2015,female,8,Freja,366,Freja
Denmark,2015,female,9,Agnes,317,Agnes
Denmark,2015,female,10,Sofia,316,Sofia/Sophia
Denmark,2015,male,1,William,577,William
Denmark,2015,male,2,Noah,525,Noah
Denmark,2015,male,3,Emil,489,Emil
Denmark,2015,male,4,Oliver,489,Oliver
Denmark,2015,male,5,Alfred,425,Alfred
Denmark,2015,male,6,Frederik,397,Frederik/Frederick/Fredrik
Denmark,2015,male,7,Elias,395,Elias
Denmark,2015,male,8,Magnus,355,Magnus
Denmark,2015,male,9,Malthe,339,Malthe/Malte
Denmark,2015,male,10,Valdemar,320,Valdemar
Denmark,2016,female,1,Alma,447,Alma
Denmark,2016,female,2,Emma,439,Emma
Denmark,2016,female,3,Ella,438,Ella
Denmark,2016,female,4,Ida,428,Ida
Denmark,2016,female,5,Anna,402,Anna
Denmark,2016,female,6,Laura,396,Laura
Denmark,2016,female,7,Alberte,374,Alberte
Denmark,2016,female,8,Agnes,365,Agnes
Denmark,2016,female,9,Clara,352,Clara
Denmark,2016,female,10,Freja,323,Freja
Denmark,2016,male,1,Oliver,523,Oliver
Denmark,2016,male,2,William,510,William
Denmark,2016,male,3,Noah,508,Noah
Denmark,2016,male,4,Emil,445,Emil
Denmark,2016,male,5,Alfred,433,Alfred
Denmark,2016,male,6,Frederik,395,Frederik/Frederick/Fredrik
Denmark,2016,male,7,Magnus,388,Magnus
Denmark,2016,male,8,Valdemar,373,Valdemar
Denmark,2016,male,9,Elias,356,Elias
Denmark,2016,male,10,Malthe,335,Malthe/Malte
Denmark,2017,female,1,Ida,486,Ida
Denmark,2017,female,2,Emma,471,Emma
Denmark,2017,female,3,Ella,412,Ella
Denmark,2017,female,4,Alma,389,Alma
Denmark,2017,female,5,Anna,386,Anna
Denmark,2017,female,6,Alberte,380,Alberte
Denmark,2017,female,7,Agnes,367,Agnes
Denmark,2017,female,8,Laura,366,Laura
Denmark,2017,female,9,Isabella,336,Isabella
Denmark,2017,female,10,Nora,336,Nora
Denmark,2017,male,1,William,552,William
Denmark,2017,male,2,Noah,473,Noah
Denmark,2017,male,3,Oliver,452,Oliver
Denmark,2017,male,4,Alfred,444,Alfred
Denmark,2017,male,5,Emil,434,Emil
Denmark,2017,male,6,Valdemar,390,Valdemar
Denmark,2017,male,7,Elias,377,Elias
Denmark,2017,male,8,Magnus,358,Magnus
Denmark,2017,male,9,Frederik,329,Frederik/Frederick/Fredrik
Denmark,2017,male,10,Malthe,317,Malthe/Malte
Denmark,2018,female,1,Ida,456,Ida
Denmark,2018,female,2,Emma,453,Emma
Denmark,2018,female,3,Alma,437,Alma
Denmark,2018,female,4,Ella,437,Ella
Denmark,2018,female,5,Anna,377,Anna
Denmark,2018,female,6,Laura,352,Laura
Denmark,2018,female,7,Olivia,344,Olivia
Denmark,2018,female,8,Agnes,343,Agnes
Denmark,2018,female,9,Alberte,342,Alberte
Denmark,2018,female,10,Freja,334,Freja
Denmark,2018,male,1,William,591,William
Denmark,2018,male,2,Noah,510,Noah
Denmark,2018,male,3,Alfred,467,Alfred
Denmark,2018,male,4,Oliver,465,Oliver
Denmark,2018,male,5,Emil,390,Emil
Denmark,2018,male,6,Valdemar,383,Valdemar
Denmark,2018,male,7,Elias,378,Elias
Denmark,2018,male,8,August,347,August
Denmark,2018,male,9,Malthe,331,Malthe/Malte
Denmark,2018,male,10,Magnus,317,Magnus
Denmark,2019,female,1,Emma,486,Emma
Denmark,2019,female,2,Alma,453,Alma
Denmark,2019,female,3,Agnes,399,Agnes
Denmark,2019,female,4,Ella,385,Ella
Denmark,2019,female,5,Olivia,375,Olivia
Denmark,2019,female,6,Anna,373,Anna
Denmark,2019,female,7,Freja,354,Freja
Denmark,2019,female,8,Nora,350,Nora
Denmark,2019,female,9,Ida,347,Ida
Denmark,2019,female,10,Luna,342,Luna
Denmark,2019,male,1,William,556,William
Denmark,2019,male,2,Alfred,523,Alfred
Denmark,2019,male,3,Noah,462,Noah
Denmark,2019,male,4,Oliver,453,Oliver
Denmark,2019,male,5,Arthur,438,Arthur
Denmark,2019,male,6,August,433,August
Denmark,2019,male,7,Emil,407,Emil
Denmark,2019,male,8,Valdemar,402,Valdemar
Denmark,2019,male,9,Elias,376,Elias
Denmark,2019,male,10,Magnus,359,Magnus
Denmark,2020,female,1,Alma,514,Alma
Denmark,2020,female,2,Agnes,456,Agnes
Denmark,2020,female,3,Ella,448,Ella
Denmark,2020,female,4,Emma,432,Emma
Denmark,2020,female,5,Anna,375,Anna
Denmark,2020,female,6,Olivia,358,Olivia
Denmark,2020,female,7,Asta,357,Asta
Denmark,2020,female,8,Alberte,353,Alberte
Denmark,2020,female,9,Clara,353,Clara
Denmark,2020,female,10,Freja,349,Freja
Denmark,2020,male,1,Alfred,520,Alfred
Denmark,2020,male,2,William,489,William
Denmark,2020,male,3,Noah,481,Noah
Denmark,2020,male,4,Oliver,463,Oliver
Denmark,2020,male,5,Arthur,445,Arthur
Denmark,2020,male,6,Valdemar,421,Valdemar
Denmark,2020,male,7,Emil,413,Emil
Denmark,2020,male,8,August,400,August
Denmark,2020,male,9,Elias,369,Elias
Denmark,2020,male,10,Aksel,323,Aksel/Axel
Denmark,2021,female,1,Alma,482,Alma
Denmark,2021,female,2,Ida,474,Ida
Denmark,2021,female,3,Ella,436,Ella
Denmark,2021,female,4,Olivia,425,Olivia
Denmark,2021,female,5,Emma,420,Emma
Denmark,2021,female,6,Luna,411,Luna
Denmark,2021,female,7,Agnes,410,Agnes
Denmark,2021,female,8,Anna,387,Anna
Denmark,2021,female,9,Nora,379,Nora
Denmark,2021,female,10,Asta,356,Asta
Denmark,2021,male,1,William,514,William
Denmark,2021,male,2,Oliver,494,Oliver
Denmark,2021,male,3,Alfred,470,Alfred
Denmark,2021,male,4,August,462,August
Denmark,2021,male,5,Emil,447,Emil
Denmark,2021,male,6,Valdemar,447,Valdemar
Denmark,2021,male,7,Arthur,446,Arthur
Denmark,2021,male,8,Noah,412,Noah
Denmark,2021,male,9,Elias,369,Elias
Denmark,2021,male,10,Otto,340,Otto
Denmark,2022,female,1,Ella,442,Ella
Denmark,2022,female,2,Alma,409,Alma
Denmark,2022,female,3,Frida,403,Frida
Denmark,2022,female,4,Agnes,389,Agnes
Denmark,2022,female,5,Luna,383,Luna
Denmark,2022,female,6,Ida,381,Ida
Denmark,2022,female,7,Emma,375,Emma
Denmark,2022,female,8,Olivia,371,Olivia
Denmark,2022,female,9,Nora,365,Nora
Denmark,2022,female,10,Asta,358,Asta
Denmark,2022,male,1,William,549,William
Denmark,2022,male,2,Emil,459,Emil
Denmark,2022,male,3,Valdemar,424,Valdemar
Denmark,2022,male,4,Noah,420,Noah
Denmark,2022,male,5,August,398,August
Denmark,2022,male,6,Oliver,397,Oliver
Denmark,2022,male,7,Alfred,391,Alfred
Denmark,2022,male,8,Elias,365,Elias
Denmark,2022,male,9,Theo,363,Theo/Teo
Denmark,2022,male,10,Arthur,356,Arthur
Norway,2000,female,1,Ida,546,Ida
Norway,2000,female,2,Emilie,526,Emilie/Emily
Norway,2000,female,3,Julie,463,Julie
Norway,2000,female,4,Thea,451,Thea
Norway,2000,female,5,Ingrid,450,Ingrid
Norway,2000,female,6,Maria,445,Maria
Norway,2000,female,7,Malin,414,Malin
Norway,2000,female,8,Nora,388,Nora
Norway,2000,female,9,Anna,387,Anna
Norway,2000,female,10,Emma,382,Emma
Norway,2000,male,1,Martin,597,Martin
Norway,2000,male,2,Sander,585,Sander
Norway,2000,male,3,Andreas,550,Andreas
Norway,2000,male,4,Jonas,507,Jonas
Norway,2000,male,5,Mathias,499,Mathias/Matias/Matthias
Norway,2000,male,6,Daniel,485,Daniel
Norway,2000,male,7,Henrik,478,Henrik
Norway,2000,male,8,Marius,436,Marius
Norway,2000,male,9,Magnus,432,Magnus
Norway,2000,male,10,Tobias,417,Tobias
Norway,2001,female,1,Julie,531,Julie
Norway,2001,female,2,Ida,513,Ida
Norway,2001,female,3,Maria,443,Maria
Norway,2001,female,4,Emilie,434,Emilie/Emily
Norway,2001,female,5,Nora,420,Nora
Norway,2001,female,6,Thea,402,Thea
Norway,2001,female,7,Sara,398,Sara/Sarah
Norway,2001,female,8,Malin,390,Malin
Norway,2001,female,9,Emma,389,Emma
Norway,2001,female,10,Ingrid,376,Ingrid
Norway,2001,male,1,Andreas,552,Andreas
Norway,2001,male,2,Martin,547,Martin
Norway,2001,male,3,Sander,523,Sander
Norway,2001,male,4,Daniel,492,Daniel
Norway,2001,male,5,Henrik,492,Henrik
Norway,2001,male,6,Jonas,478,Jonas
Norway,2001,male,7,Marius,455,Marius
Norway,2001,male,8,Magnus,452,Magnus
Norway,2001,male,9,Mathias,445,Mathias/Matias/Matthias
Norway,2001,male,10,Thomas,410,Thomas
Norway,2002,female,1,Ida,512,Ida
Norway,2002,female,2,Thea,482,Thea
Norway,2002,female,3,Julie,472,Julie
Norway,2002,female,4,Nora,457,Nora
Norway,2002,female,5,Emma,446,Emma
Norway,2002,female,6,Maria,440,Maria
Norway,2002,female,7,Ingrid,413,Ingrid
Norway,2002,female,8,Sara,403,Sara/Sarah
Norway,2002,female,9,Emilie,402,Emilie/Emily
Norway,2002,female,10,Malin,377,Malin
Norway,2002,male,1,Martin,534,Martin
Norway,2002,male,2,Andreas,508,Andreas
Norway,2002,male,3,Sander,501,Sander
Norway,2002,male,4,Jonas,484,Jonas
Norway,2002,male,5,Daniel,470,Daniel
Norway,2002,male,6,Mathias,469,Mathias/Matias/Matthias
Norway,2002,male,7,Henrik,466,Henrik
Norway,2002,male,8,Magnus,455,Magnus
Norway,2002,male,9,Tobias,425,Tobias
Norway,2002,male,10,Marius,370,Marius
Norway,2003,female,1,Emma,795,Emma
Norway,2003,female,2,Ida,500,Ida
Norway,2003,female,3,Julie,495,Julie
Norway,2003,female,4,Thea,493,Thea
Norway,2003,female,5,Maria,449,Maria
Norway,2003,female,6,Nora,431,Nora
Norway,2003,female,7,Emilie,397,Emilie/Emily
Norway,2003,female,8,Ingrid,392,Ingrid
Norway,2003,female,9,Sara,387,Sara/Sarah
Norway,2003,female,10,Anna,353,Anna
Norway,2003,male,1,Andreas,512,Andreas
Norway,2003,male,2,Jonas,512,Jonas
Norway,2003,male,3,Tobias,512,Tobias
Norway,2003,male,4,Martin,501,Martin
Norway,2003,male,5,Mathias,499,Mathias/Matias/Matthias
Norway,2003,male,6,Sander,471,Sander
Norway,2003,male,7,Daniel,468,Daniel
Norway,2003,male,8,Henrik,434,Henrik
Norway,2003,male,9,Magnus,429,Magnus
Norway,2003,male,10,Emil,402,Emil
Norway,2004,female,1,Emma,738,Emma
Norway,2004,female,2,Ida,461,Ida
Norway,2004,female,3,Nora,458,Nora
Norway,2004,female,4,Julie,447,Julie
Norway,2004,female,5,Maria,444,Maria
Norway,2004,female,6,Thea,440,Thea
Norway,2004,female,7,Emilie,410,Emilie/Emily
Norway,2004,female,8,Ingrid,338,Ingrid
Norway,2004,female,9,Malin,338,Malin
Norway,2004,female,10,Anna,332,Anna
Norway,2004,male,1,Martin,513,Martin
Norway,2004,male,2,Mathias,504,Mathias/Matias/Matthias
Norway,2004,male,3,Andreas,495,Andreas
Norway,2004,male,4,Jonas,490,Jonas
Norway,2004,male,5,Daniel,457,Daniel
Norway,2004,male,6,Tobias,453,Tobias
Norway,2004,male,7,Sander,433,Sander
Norway,2004,male,8,Magnus,408,Magnus
Norway,2004,male,9,Emil,406,Emil
Norway,2004,male,10,Henrik,402,Henrik
Norway,2005,female,1,Emma,513,Emma
Norway,2005,female,2,Thea,493,Thea
Norway,2005,female,3,Ida,457,Ida
Norway,2005,female,4,Julie,428,Julie
Norway,2005,female,5,Emilie,400,Emilie/Emily
Norway,2005,female,6,Nora,388,Nora
Norway,2005,female,7,Maria,382,Maria
Norway,2005,female,8,Malin,377,Malin
Norway,2005,female,9,Ingrid,368,Ingrid
Norway,2005,female,10,Sara,357,Sara/Sarah
Norway,2005,male,1,Tobias,479,Tobias
Norway,2005,male,2,Jonas,474,Jonas
Norway,2005,male,3,Adrian,460,Adrian
Norway,2005,male,4,Mathias,446,Mathias/Matias/Matthias
Norway,2005,male,5,Daniel,444,Daniel
Norway,2005,male,6,Andreas,443,Andreas
Norway,2005,male,7,Magnus,428,Magnus
Norway,2005,male,8,Henrik,425,Henrik
Norway,2005,male,9,Martin,416,Martin
Norway,2005,male,10,Sebastian,411,Sebastian
Norway,2006,female,1,Thea,489,Thea
Norway,2006,female,2,Emma,486,Emma
Norway,2006,female,3,Julie,452,Julie
Norway,2006,female,4,Ida,420,Ida
Norway,2006,female,5,Nora,402,Nora
Norway,2006,female,6,Ingrid,391,Ingrid
Norway,2006,female,7,Emilie,379,Emilie/Emily
Norway,2006,female,8,Maria,372,Maria
Norway,2006,female,9,Sara,369,Sara/Sarah
Norway,2006,female,10,Anna,341,Anna
Norway,2006,male,1,Jonas,562,Jonas
Norway,2006,male,2,Mathias,487,Mathias/Matias/Matthias
Norway,2006,male,3,Elias,461,Elias
Norway,2006,male,4,Andreas,457,Andreas
Norway,2006,male,5,Sander,422,Sander
Norway,2006,male,6,Sebastian,422,Sebastian
Norway,2006,male,7,Daniel,405,Daniel
Norway,2006,male,8,Adrian,404,Adrian
Norway,2006,male,9,Henrik,403,Henrik
Norway,2006,male,10,Emil,400,Emil
Norway,2007,female,1,Thea,491,Thea
Norway,2007,female,2,Emma,476,Emma
Norway,2007,female,3,Julie,421,Julie
Norway,2007,female,4,Anna,402,Anna
Norway,2007,female,5,Ida,398,Ida
Norway,2007,female,6,Nora,390,Nora
Norway,2007,female,7,Emilie,389,Emilie/Emily
Norway,2007,female,8,Sara,375,Sara/Sarah
Norway,2007,female,9,Ingrid,369,Ingrid
Norway,2007,female,10,Maria,367,Maria
Norway,2007,male,1,Jonas,464,Jonas
Norway,2007,male,2,Mathias,446,Mathias/Matias/Matthias
Norway,2007,male,3,Emil,442,Emil
Norway,2007,male,4,Magnus,439,Magnus
Norway,2007,male,5,Elias,428,Elias
Norway,2007,male,6,Henrik,418,Henrik
Norway,2007,male,7,Daniel,403,Daniel
Norway,2007,male,8,Martin,394,Martin
Norway,2007,male,9,Tobias,391,Tobias
Norway,2007,male,10,Sander,389,Sander
Norway,2008,female,1,Emma,594,Emma
Norway,2008,female,2,Linnea,502,Linnea/Linea
Norway,2008,female,3,Ida,417,Ida
Norway,2008,female,4,Thea,404,Thea
Norway,2008,female,5,Nora,403,Nora
Norway,2008,female,6,Ingrid,359,Ingrid
Norway,2008,female,7,Julie,359,Julie
Norway,2008,female,8,Maria,355,Maria
Norway,2008,female,9,Sofie,352,Sofie/Sophie
Norway,2008,female,10,Anna,348,Anna
Norway,2008,male,1,Emil,460,Emil
Norway,2008,male,2,Mathias,453,Mathias/Matias/Matthias
Norway,2008,male,3,Oliver,449,Oliver
Norway,2008,male,4,Jonas,445,Jonas
Norway,2008,male,5,Magnus,432,Magnus
Norway,2008,male,6,Daniel,418,Daniel
Norway,2008,male,7,Tobias,409,Tobias
Norway,2008,male,8,William,408,William
Norway,2008,male,9,Andreas,406,Andreas
Norway,2008,male,10,Adrian,390,Adrian
Norway,2009,female,1,Emma,599,Emma
Norway,2009,female,2,Nora,448,Nora
Norway,2009,female,3,Ida,423,Ida
Norway,2009,female,4,Thea,423,Thea
Norway,2009,female,5,Emilie,401,Emilie/Emily
Norway,2009,female,6,Linnea,390,Linnea/Linea
Norway,2009,female,7,Ingrid,382,Ingrid
Norway,2009,female,8,Anna,381,Anna
Norway,2009,female,9,Sofie,378,Sofie/Sophie
Norway,2009,female,10,Julie,377,Julie
Norway,2009,male,1,Emil,486,Emil
Norway,2009,male,2,Jonas,457,Jonas
Norway,2009,male,3,Oliver,452,Oliver
Norway,2009,male,4,Magnus,451,Magnus
Norway,2009,male,5,William,436,William
Norway,2009,male,6,Mathias,429,Mathias/Matias/Matthias
Norway,2009,male,7,Sander,424,Sander
Norway,2009,male,8,Daniel,420,Daniel
Norway,2009,male,9,Sebastian,419,Sebastian
Norway,2009,male,10,Adrian,398,Adrian
Norway,2010,female,1,Emma,513,Emma
Norway,2010,female,2,Nora,404,Nora
Norway,2010,female,3,Emilie,394,Emilie/Emily
Norway,2010,female,4,Ingrid,391,Ingrid
Norway,2010,female,5,Linnea,388,Linnea/Linea
Norway,2010,female,6,Sofie,387,Sofie/Sophie
Norway,2010,female,7,Ida,382,Ida
Norway,2010,female,8,Thea,372,Thea
Norway,2010,female,9,Anna,353,Anna
Norway,2010,female,10,Julie,347,Julie
Norway,2010,male,1,Emil,534,Emil
Norway,2010,male,2,William,460,William
Norway,2010,male,3,Mathias,450,Mathias/Matias/Matthias
Norway,2010,male,4,Magnus,437,Magnus
Norway,2010,male,5,Jonas,418,Jonas
Norway,2010,male,6,Oliver,402,Oliver
Norway,2010,male,7,Adrian,380,Adrian
Norway,2010,male,8,Daniel,377,Daniel
Norway,2010,male,9,Noah,368,Noah
Norway,2010,male,10,Elias,364,Elias
Norway,2011,female,1,Emma,471,Emma
Norway,2011,female,2,Nora,419,Nora
Norway,2011,female,3,Sofie,371,Sofie/Sophie
Norway,2011,female,4,Thea,363,Thea
Norway,2011,female,5,Ingrid,355,Ingrid
Norway,2011,female,6,Emilie,348,Emilie/Emily
Norway,2011,female,7,Julie,339,Julie
Norway,2011,female,8,Mia,334,Mia
Norway,2011,female,9,Anna,328,Anna
Norway,2011,female,10,Linnea,317,Linnea/Linea
Norway,2011,male,1,Emil,486,Emil
Norway,2011,male,2,Mathias,407,Mathias/Matias/Matthias
Norway,2011,male,3,Jonas,396,Jonas
Norway,2011,male,4,Magnus,395,Magnus
Norway,2011,male,5,William,391,William
Norway,2011,male,6,Oliver,385,Oliver
Norway,2011,male,7,Noah,363,Noah
Norway,2011,male,8,Tobias,348,Tobias
Norway,2011,male,9,Adrian,345,Adrian
Norway,2011,male,10,Elias,342,Elias
Norway,2012,female,1,Emma,440,Emma
Norway,2012,female,2,Nora,420,Nora
Norway,2012,female,3,Sofie,373,Sofie/Sophie
Norway,2012,female,4,Ingrid,349,Ingrid
Norway,2012,female,5,Linnea,348,Linnea/Linea
Norway,2012,female,6,Emilie,344,Emilie/Emily
Norway,2012,female,7,Ida,329,Ida
Norway,2012,female,8,Anna,318,Anna
Norway,2012,female,9,Amalie,307,Amalie/Amelia
Norway,2012,female,10,Thea,307,Thea
Norway,2012,male,1,William,413,William
Norway,2012,male,2,Emil,407,Emil
Norway,2012,male,3,Jonas,396,Jonas
Norway,2012,male,4,Magnus,383,Magnus
Norway,2012,male,5,Oliver,372,Oliver
Norway,2012,male,6,Mathias,369,Mathias/Matias/Matthias
Norway,2012,male,7,Henrik,347,Henrik
Norway,2012,male,8,Liam,336,Liam
Norway,2012,male,9,Elias,325,Elias
Norway,2012,male,10,Sebastian,324,Sebastian
Norway,2013,female,1,Emma,423,Emma
Norway,2013,female,2,Sofie,346,Sofie/Sophie
Norway,2013,female,3,Ingrid,326,Ingrid
Norway,2013,female,4,Sara,322,Sara/Sarah
Norway,2013,female,5,Nora,313,Nora
Norway,2013,female,6,Emilie,310,Emilie/Emily
Norway,2013,female,7,Julie,303,Julie
Norway,2013,female,8,Anna,302,Anna
Norway,2013,female,9,Ella,301,Ella
Norway,2013,female,10,Thea,300,Thea
Norway,2013,male,1,William,432,William
Norway,2013,male,2,Oliver,383,Oliver
Norway,2013,male,3,Magnus,353,Magnus
Norway,2013,male,4,Mathias,344,Mathias/Matias/Matthias
Norway,2013,male,5,Liam,337,Liam
Norway,2013,male,6,Emil,320,Emil
Norway,2013,male,7,Elias,315,Elias
Norway,2013,male,8,Jonas,312,Jonas
Norway,2013,male,9,Sebastian,311,Sebastian
Norway,2013,male,10,Daniel,310,Daniel
Norway,2014,female,1,Nora,434,Nora
Norway,2014,female,2,Emma,428,Emma
Norway,2014,female,3,Emilie,355,Emilie/Emily
Norway,2014,female,4,Anna,322,Anna
Norway,2014,female,5,Sofie,322,Sofie/Sophie
Norway,2014,female,6,Ella,318,Ella
Norway,2014,female,7,Ingrid,309,Ingrid
Norway,2014,female,8,Thea,307,Thea
Norway,2014,female,9,Ida,297,Ida
Norway,2014,female,10,Julie,293,Julie
Norway,2014,male,1,William,445,William
Norway,2014,male,2,Emil,417,Emil
Norway,2014,male,3,Magnus,372,Magnus
Norway,2014,male,4,Henrik,350,Henrik
Norway,2014,male,5,Mathias,347,Mathias/Matias/Matthias
Norway,2014,male,6,Oliver,334,Oliver
Norway,2014,male,7,Liam,332,Liam
Norway,2014,male,8,Noah,330,Noah
Norway,2014,male,9,Sander,326,Sander
Norway,2014,male,10,Jonas,324,Jonas
Norway,2015,female,1,Emma,451,Emma
Norway,2015,female,2,Nora,428,Nora
Norway,2015,female,3,Olivia,355,Olivia
Norway,2015,female,4,Ella,336,Ella
Norway,2015,female,5,Sofie,320,Sofie/Sophie
Norway,2015,female,6,Emilie,315,Emilie/Emily
Norway,2015,female,7,Anna,311,Anna
Norway,2015,female,8,Sara,283,Sara/Sarah
Norway,2015,female,9,Ingrid,279,Ingrid
Norway,2015,female,10,Thea,270,Thea
Norway,2015,male,1,William,484,William
Norway,2015,male,2,Oliver,422,Oliver
Norway,2015,male,3,Liam,397,Liam
Norway,2015,male,4,Mathias,370,Mathias/Matias/Matthias
Norway,2015,male,5,Emil,355,Emil
Norway,2015,male,6,Elias,340,Elias
Norway,2015,male,7,Henrik,327,Henrik
Norway,2015,male,8,Magnus,321,Magnus
Norway,2015,male,9,Jonas,305,Jonas
Norway,2015,male,10,Aksel,300,Aksel/Axel
Norway,2016,female,1,Nora,516,Nora
Norway,2016,female,2,Emma,407,Emma
Norway,2016,female,3,Sofie,322,Sofie/Sophie
Norway,2016,female,4,Olivia,318,Olivia
Norway,2016,female,5,Emilie,308,Emilie/Emily
Norway,2016,female,6,Ella,306,Ella
Norway,2016,female,7,Ingrid,295,Ingrid
Norway,2016,female,8,Anna,277,Anna
Norway,2016,female,9,Sara,272,Sara/Sarah
Norway,2016,female,10,Sofia,259,Sofia/Sophia
Norway,2016,male,1,William,523,William
Norway,2016,male,2,Oliver,397,Oliver
Norway,2016,male,3,Emil,377,Emil
Norway,2016,male,4,Mathias,363,Mathias/Matias/Matthias
Norway,2016,male,5,Noah,362,Noah
Norway,2016,male,6,Henrik,341,Henrik
Norway,2016,male,7,Elias,338,Elias
Norway,2016,male,8,Liam,327,Liam
Norway,2016,male,9,Jonas,325,Jonas
Norway,2016,male,10,Tobias,315,Tobias
Norway,2017,female,1,Emma,399,Emma
Norway,2017,female,2,Nora,391,Nora
Norway,2017,female,3,Sofie,349,Sofie/Sophie
Norway,2017,female,4,Olivia,335,Olivia
Norway,2017,female,5,Ella,327,Ella
Norway,2017,female,6,Emilie,298,Emilie/Emily
Norway,2017,female,7,Ingrid,272,Ingrid
Norway,2017,female,8,Frida,264,Frida
Norway,2017,female,9,Anna,252,Anna
Norway,2017,female,10,Thea,246,Thea
Norway,2017,male,1,Emil,409,Emil
Norway,2017,male,2,Oliver,401,Oliver
Norway,2017,male,3,Noah,372,Noah
Norway,2017,male,4,William,365,William
Norway,2017,male,5,Elias,359,Elias
Norway,2017,male,6,Henrik,326,Henrik
Norway,2017,male,7,Jonas,303,Jonas
Norway,2017,male,8,Magnus,300,Magnus
Norway,2017,male,9,Liam,295,Liam
Norway,2017,male,10,Tobias,290,Tobias
Norway,2018,female,1,Emma,436,Emma
Norway,2018,female,2,Nora,342,Nora
Norway,2018,female,3,Olivia,332,Olivia
Norway,2018,female,4,Emilie,299,Emilie/Emily
Norway,2018,female,5,Ella,289,Ella
Norway,2018,female,6,Amalie,284,Amalie/Amelia
Norway,2018,female,7,Ada,263,Ada
Norway,2018,female,8,Frida,261,Frida
Norway,2018,female,9,Sofie,261,Sofie/Sophie
Norway,2018,female,10,Ingrid,249,Ingrid
Norway,2018,male,1,Oliver,410,Oliver
Norway,2018,male,2,Emil,363,Emil
Norway,2018,male,3,Henrik,337,Henrik
Norway,2018,male,4,Noah,319,Noah
Norway,2018,male,5,Elias,313,Elias
Norway,2018,male,6,William,295,William
Norway,2018,male,7,Liam,288,Liam
Norway,2018,male,8,Sander,287,Sander
Norway,2018,male,9,Aksel,269,Aksel/Axel
Norway,2018,male,10,Magnus,267,Magnus
Norway,2019,female,1,Emma,418,Emma
Norway,2019,female,2,Nora,393,Nora
Norway,2019,female,3,Ella,339,Ella
Norway,2019,female,4,Olivia,321,Olivia
Norway,2019,female,5,Sofie,295,Sofie/Sophie
Norway,2019,female,6,Ada,294,Ada
Norway,2019,female,7,Frida,271,Frida
Norway,2019,female,8,Ingrid,270,Ingrid
Norway,2019,female,9,Amalie,259,Amalie/Amelia
Norway,2019,female,10,Emilie,259,Emilie/Emily
Norway,2019,male,1,Emil,374,Emil
Norway,2019,male,2,William,363,William
Norway,2019,male,3,Henrik,359,Henrik
Norway,2019,male,4,Oliver,352,Oliver
Norway,2019,male,5,Noah,329,Noah
Norway,2019,male,6,Jakob,311,Jakob/Jacob
Norway,2019,male,7,Magnus,297,Magnus
Norway,2019,male,8,Liam,291,Liam
Norway,2019,male,9,Elias,289,Elias
Norway,2019,male,10,Isak,268,Isak/Isaac/Isac
Norway,2020,female,1,Nora,398,Nora
Norway,2020,female,2,Emma,362,Emma
Norway,2020,female,3,Ella,337,Ella
Norway,2020,female,4,Olivia,315,Olivia
Norway,2020,female,5,Emilie,306,Emilie/Emily
Norway,2020,female,6,Frida,268,Frida
Norway,2020,female,7,Sofie,268,Sofie/Sophie
Norway,2020,female,8,Ingrid,267,Ingrid
Norway,2020,female,9,Selma,241,Selma
Norway,2020,female,10,Ada,239,Ada
Norway,2020,male,1,Emil,369,Emil
Norway,2020,male,2,Oliver,354,Oliver
Norway,2020,male,3,Noah,333,Noah
Norway,2020,male,4,William,293,William
Norway,2020,male,5,Liam,273,Liam
Norway,2020,male,6,Henrik,254,Henrik
Norway,2020,male,7,Elias,249,Elias
Norway,2020,male,8,Magnus,245,Magnus
Norway,2020,male,9,Johannes,235,Johannes
Norway,2020,male,10,Jakob,229,Jakob/Jacob
Norway,2021,female,1,Nora,397,Nora
Norway,2021,female,2,Emma,369,Emma
Norway,2021,female,3,Olivia,311,Olivia
Norway,2021,female,4,Ella,302,Ella
Norway,2021,female,5,Sofie,292,Sofie/Sophie
Norway,2021,female,6,Frida,276,Frida
Norway,2021,female,7,Ingrid,273,Ingrid
Norway,2021,female,8,Ada,272,Ada
Norway,2021,female,9,Alma,261,Alma
Norway,2021,female,10,Emilie,259,Emilie/Emily
Norway,2021,male,1,Noah,383,Noah
Norway,2021,male,2,Oliver,367,Oliver
Norway,2021,male,3,Emil,346,Emil
Norway,2021,male,4,Isak,315,Isak/Isaac/Isac
Norway,2021,male,5,William,313,William
Norway,2021,male,6,Aksel,292,Aksel/Axel
Norway,2021,male,7,Elias,283,Elias
Norway,2021,male,8,Liam,282,Liam
Norway,2021,male,9,Magnus,275,Magnus
Norway,2021,male,10,Tobias,275,Tobias
Norway,2022,female,1,Nora,338,Nora
Norway,2022,female,2,Emma,337,Emma
Norway,2022,female,3,Olivia,331,Olivia
Norway,2022,female,4,Ella,326,Ella
Norway,2022,female,5,Sofie,279,Sofie/Sophie
Norway,2022,female,6,Frida,269,Frida
Norway,2022,female,7,Iben,266,Iben
Norway,2022,female,8,Ingrid,253,Ingrid
Norway,2022,female,9,Alma,249,Alma
Norway,2022,female,10,Selma,247,Selma
Norway,2022,male,1,Emil,405,Emil
Norway,2022,male,2,Noah,400,Noah
Norway,2022,male,3,Oliver,382,Oliver
Norway,2022,male,4,Isak,348,Isak/Isaac/Isac
Norway,2022,male,5,William,348,William
Norway,2022,male,6,Jakob,298,Jakob/Jacob
Norway,2022,male,7,Liam,282,Liam
Norway,2022,male,8,Johannes,280,Johannes
Norway,2022,male,9,Elias,277,Elias
Norway,2022,male,10,Theodor,272,Theodor/Teodor
Sweden,2000,boy,1,Filip,1145,Filip|Philip
Sweden,2000,boy,2,Oscar,1135,Oscar|Oskar
Sweden,2000,boy,3,William,1095,William
Sweden,2000,boy,4,Simon,1083,Simon
Sweden,2000,boy,5,Erik,1066,Erik|Eric
Sweden,2000,boy,6,Anton,1062,Anton
Sweden,2000,boy,7,Viktor,1061,Viktor|Victor
Sweden,2000,boy,8,Alexander,995,Alexander
Sweden,2000,boy,9,Emil,906,Emil
Sweden,2000,boy,10,Lucas,886,Lucas|Lukas
Sweden,2000,girl,1,Julia,1243,Julia
Sweden,2000,girl,2,Emma,1186,Emma
Sweden,2000,girl,3,Wilma,1129,Wilma|Vilma
Sweden,2000,girl,4,Hanna,1019,Hanna|Hannah
Sweden,2000,girl,5,Elin,999,Elin
Sweden,2000,girl,6,Linnea,978,Linnéa|Linnea
Sweden,2000,girl,7,Amanda,897,Amanda
Sweden,2000,girl,8,Ida,810,Ida
Sweden,2000,girl,9,Matilda,809,Matilda|Mathilda
Sweden,2000,girl,10,Moa,741,Moa
Sweden,2001,boy,1,Filip,1099,Filip|Philip
Sweden,2001,boy,2,Oscar,1096,Oscar|Oskar
Sweden,2001,boy,3,Erik,1056,Erik|Eric
Sweden,2001,boy,4,Anton,991,Anton
Sweden,2001,boy,5,William,975,William
Sweden,2001,boy,6,Emil,950,Emil
Sweden,2001,boy,7,Alexander,936,Alexander
Sweden,2001,boy,8,Viktor,922,Viktor|Victor
Sweden,2001,boy,9,Lucas,890,Lucas|Lukas
Sweden,2001,boy,10,Simon,882,Simon
Sweden,2001,girl,1,Julia,1162,Julia
Sweden,2001,girl,2,Emma,1115,Emma
Sweden,2001,girl,3,Hanna,1024,Hanna|Hannah
Sweden,2001,girl,4,Elin,944,Elin
Sweden,2001,girl,5,Wilma,888,Wilma|Vilma
Sweden,2001,girl,6,Ida,863,Ida
Sweden,2001,girl,7,Amanda,853,Amanda
Sweden,2001,girl,8,Linnea,831,Linnéa|Linnea
Sweden,2001,girl,9,Matilda,789,Matilda|Mathilda
Sweden,2001,girl,10,Maja,782,Maja|Maya|Maia
Sweden,2002,boy,1,Oscar,1157,Oscar|Oskar
Sweden,2002,boy,2,Erik,1120,Erik|Eric
Sweden,2002,boy,3,Emil,1082,Emil
Sweden,2002,boy,4,Filip,1073,Filip|Philip
Sweden,2002,boy,5,Alexander,1065,Alexander
Sweden,2002,boy,6,William,995,William
Sweden,2002,boy,7,Lucas,977,Lucas|Lukas
Sweden,2002,boy,8,Anton,973,Anton
Sweden,2002,boy,9,Simon,931,Simon
Sweden,2002,boy,9,Viktor,931,Viktor|Victor
Sweden,2002,girl,1,Emma,1220,Emma
Sweden,2002,girl,2,Elin,1044,Elin
Sweden,2002,girl,3,Julia,998,Julia
Sweden,2002,girl,4,Hanna,975,Hanna|Hannah
Sweden,2002,girl,5,Ida,935,Ida
Sweden,2002,girl,6,Linnea,931,Linnéa|Linnea
Sweden,2002,girl,7,Wilma,887,Wilma|Vilma
Sweden,2002,girl,8,Matilda,809,Matilda|Mathilda
Sweden,2002,girl,9,Moa,797,Moa
Sweden,2002,girl,10,Amanda,787,Amanda
Sweden,2003,boy,1,William,1215,William
Sweden,2003,boy,2,Filip,1125,Filip|Philip
Sweden,2003,boy,3,Emil,1106,Emil
Sweden,2003,boy,4,Lucas,1068,Lucas|Lukas
Sweden,2003,boy,5,Oscar,1051,Oscar|Oskar
Sweden,2003,boy,6,Erik,1041,Erik|Eric
Sweden,2003,boy,7,Alexander,1015,Alexander
Sweden,2003,boy,8,Viktor,992,Viktor|Victor
Sweden,2003,boy,9,Anton,991,Anton
Sweden,2003,boy,10,Isak,963,Isak|Isac|Isaac
Sweden,2003,girl,1,Emma,1375,Emma
Sweden,2003,girl,2,Elin,1051,Elin
Sweden,2003,girl,3,Ida,973,Ida
Sweden,2003,girl,4,Hanna,933,Hanna|Hannah
Sweden,2003,girl,5,Linnea,904,Linnéa|Linnea
Sweden,2003,girl,6,Julia,896,Julia
Sweden,2003,girl,7,Wilma,870,Wilma|Vilma
Sweden,2003,girl,8,Maja,840,Maja|Maya
Sweden,2003,girl,9,Alva,830,Alva
Sweden,2003,girl,10,Moa,815,Moa
Sweden,2004,boy,1,William,1238,William
Sweden,2004,boy,2,Filip,1183,Filip|Philip
Sweden,2004,boy,3,Oscar,1146,Oscar|Oskar
Sweden,2004,boy,4,Lucas,1083,Lucas|Lukas
Sweden,2004,boy,5,Erik,1028,Erik|Eric
Sweden,2004,boy,6,Emil,1018,Emil
Sweden,2004,boy,7,Isak,967,Isak|Isac|Isaac|Izak
Sweden,2004,boy,8,Alexander,962,Alexander
Sweden,2004,boy,9,Viktor,952,Viktor|Victor
Sweden,2004,boy,10,Anton,914,Anton
Sweden,2004,boy,10,Elias,914,Elias
Sweden,2004,girl,1,Emma,1260,Emma
Sweden,2004,girl,2,Maja,1015,Maja|Maya|Maia
Sweden,2004,girl,3,Ida,1012,Ida
Sweden,2004,girl,4,Elin,980,Elin
Sweden,2004,girl,5,Julia,945,Julia
Sweden,2004,girl,6,Linnea,891,Linnéa|Linnea
Sweden,2004,girl,7,Hanna,843,Hanna|Hannah
Sweden,2004,girl,8,Alva,833,Alva
Sweden,2004,girl,9,Wilma,797,Wilma|Vilma
Sweden,2004,girl,10,Klara,796,Klara|Clara
Sweden,2005,boy,1,Oscar,1156,Oscar|Oskar
Sweden,2005,boy,2,William,1115,William
Sweden,2005,boy,3,Lucas,1089,Lucas|Lukas
Sweden,2005,boy,4,Filip,1009,Filip|Philip
Sweden,2005,boy,5,Isak,984,Isak|Isac|Isaac
Sweden,2005,boy,6,Elias,983,Elias
Sweden,2005,boy,7,Hugo,945,Hugo
Sweden,2005,boy,8,Alexander,941,Alexander
Sweden,2005,boy,8,Emil,941,Emil
Sweden,2005,boy,10,Erik,900,Erik|Eric
Sweden,2005,girl,1,Emma,1103,Emma
Sweden,2005,girl,2,Maja,1016,Maja|Maya
Sweden,2005,girl,3,Julia,914,Julia
Sweden,2005,girl,4,Ida,904,Ida
Sweden,2005,girl,5,Alice,886,Alice
Sweden,2005,girl,6,Elin,869,Elin
Sweden,2005,girl,6,Linnea,869,Linnéa|Linnea
Sweden,2005,girl,8,Alva,844,Alva
Sweden,2005,girl,9,Ella,801,Ella
Sweden,2005,girl,10,Hanna,797,Hanna|Hannah
Sweden,2006,boy,1,Lucas,1163,Lucas|Lukas
Sweden,2006,boy,2,Oscar,1157,Oscar|Oskar
Sweden,2006,boy,3,William,1092,William
Sweden,2006,boy,4,Elias,1035,Elias
Sweden,2006,boy,5,Filip,975,Filip|Philip
Sweden,2006,boy,6,Hugo,964,Hugo
Sweden,2006,boy,7,Viktor,910,Viktor|Victor
Sweden,2006,boy,8,Emil,899,Emil
Sweden,2006,boy,9,Isak,897,Isak|Isac|Isaac
Sweden,2006,boy,10,Alexander,896,Alexander
Sweden,2006,girl,1,Emma,1014,Emma
Sweden,2006,girl,2,Maja,1012,Maja|Maya|Maia
Sweden,2006,girl,3,Agnes,921,Agnes
Sweden,2006,girl,3,Julia,921,Julia
Sweden,2006,girl,5,Alva,895,Alva
Sweden,2006,girl,6,Ida,849,Ida
Sweden,2006,girl,7,Wilma,843,Wilma|Vilma
Sweden,2006,girl,8,Linnea,842,Linnea|Linnéa
Sweden,2006,girl,9,Alice,799,Alice
Sweden,2006,girl,10,Ella,759,Ella
Sweden,2007,boy,1,William,1138,William
Sweden,2007,boy,2,Lucas,1059,Lucas|Lukas
Sweden,2007,boy,3,Elias,1036,Elias
Sweden,2007,boy,4,Oscar,996,Oscar|Oskar
Sweden,2007,boy,5,Hugo,920,Hugo
Sweden,2007,boy,6,Viktor,866,Viktor|Victor
Sweden,2007,boy,7,Erik,856,Erik|Eric
Sweden,2007,boy,7,Filip,856,Filip|Philip
Sweden,2007,boy,9,Emil,836,Emil
Sweden,2007,boy,10,Anton,809,Anton
Sweden,2007,girl,1,Wilma,915,Wilma|Vilma
Sweden,2007,girl,2,Maja,897,Maja|Maya|Maia
Sweden,2007,girl,3,Ella,845,Ella
Sweden,2007,girl,4,Emma,831,Emma
Sweden,2007,girl,5,Julia,816,Julia
Sweden,2007,girl,6,Alice,779,Alice
Sweden,2007,girl,7,Linnea,769,Linnea|Linnéa
Sweden,2007,girl,8,Ida,763,Ida
Sweden,2007,girl,9,Ebba,757,Ebba
Sweden,2007,girl,10,Alva,753,Alva
Sweden,2008,boy,1,Lucas,1080,Lucas|Lukas
Sweden,2008,boy,2,Oscar,1062,Oscar|Oskar
Sweden,2008,boy,3,William,963,William
Sweden,2008,boy,4,Elias,947,Elias
Sweden,2008,boy,5,Hugo,885,Hugo
Sweden,2008,boy,6,Alexander,838,Alexander
Sweden,2008,boy,7,Erik,787,Erik|Eric
Sweden,2008,boy,8,Filip,775,Filip|Philip
Sweden,2008,boy,9,Emil,768,Emil
Sweden,2008,boy,10,Isak,759,Isak|Isac|Isaac
Sweden,2008,girl,1,Maja,827,Maja|Maya|Maia
Sweden,2008,girl,2,Emma,818,Emma
Sweden,2008,girl,3,Julia,817,Julia
Sweden,2008,girl,4,Ella,773,Ella
Sweden,2008,girl,5,Elsa,772,Elsa
Sweden,2008,girl,6,Alice,747,Alice
Sweden,2008,girl,7,Linnea,712,Linnea|Linnéa
Sweden,2008,girl,8,Alva,701,Alva
Sweden,2008,girl,9,Wilma,697,Wilma|Vilma
Sweden,2008,girl,10,Klara,661,Klara|Clara
Sweden,2009,boy,1,Lucas,1102,Lucas|Lukas
Sweden,2009,boy,2,Oscar,1009,Oscar|Oskar
Sweden,2009,boy,3,Elias,994,Elias
Sweden,2009,boy,4,William,989,William
Sweden,2009,boy,5,Hugo,878,Hugo
Sweden,2009,boy,6,Alexander,821,Alexander
Sweden,2009,boy,7,Erik,725,Erik|Eric
Sweden,2009,boy,8,Viktor,706,Viktor|Victor
Sweden,2009,boy,9,Axel,705,Axel
Sweden,2009,boy,10,Emil,701,Emil
Sweden,2009,boy,10,Filip,701,Filip|Philip
Sweden,2009,girl,1,Alice,953,Alice
Sweden,2009,girl,2,Maja,856,Maja|Maya|Maia
Sweden,2009,girl,3,Ella,796,Ella
Sweden,2009,girl,4,Emma,787,Emma
Sweden,2009,girl,5,Elsa,768,Elsa
Sweden,2009,girl,6,Alva,754,Alva
Sweden,2009,girl,7,Julia,737,Julia
Sweden,2009,girl,8,Linnea,683,Linnea|Linnéa
Sweden,2009,girl,9,Wilma,662,Wilma|Vilma
Sweden,2009,girl,10,Ebba,655,Ebba
Sweden,2010,boy,1,Oscar,1106,Oscar|Oskar
Sweden,2010,boy,2,Lucas,1021,Lucas|Lukas
Sweden,2010,boy,3,William,1018,William
Sweden,2010,boy,4,Elias,875,Elias
Sweden,2010,boy,5,Hugo,873,Hugo
Sweden,2010,boy,6,Alexander,866,Alexander
Sweden,2010,boy,7,Theo,799,Theo|Teo
Sweden,2010,boy,8,Liam,782,Liam
Sweden,2010,boy,9,Leo,757,Leo
Sweden,2010,boy,10,Erik,737,Erik|Eric
Sweden,2010,girl,1,Maja,878,Maja|Maya|Maia
Sweden,2010,girl,2,Alice,844,Alice
Sweden,2010,girl,3,Julia,820,Julia
Sweden,2010,girl,4,Linnea,740,Linnea|Linnéa
Sweden,2010,girl,5,Wilma,733,Wilma|Vilma
Sweden,2010,girl,6,Ella,720,Ella
Sweden,2010,girl,7,Elsa,719,Elsa
Sweden,2010,girl,8,Emma,712,Emma
Sweden,2010,girl,9,Alva,699,Alva
Sweden,2010,girl,10,Olivia,693,Olivia
Sweden,2011,boy,1,William,1017,William
Sweden,2011,boy,2,Oscar,955,Oscar|Oskar
Sweden,2011,boy,3,Lucas,952,Lucas|Lukas
Sweden,2011,boy,4,Hugo,863,Hugo
Sweden,2011,boy,5,Elias,817,Elias
Sweden,2011,boy,6,Liam,746,Liam
Sweden,2011,boy,7,Alexander,717,Alexander
Sweden,2011,boy,8,Viktor,703,Viktor|Victor
Sweden,2011,boy,9,Emil,696,Emil
Sweden,2011,boy,10,Axel,670,Axel
Sweden,2011,girl,1,Alice,966,Alice
Sweden,2011,girl,2,Maja,725,Maja|Maya|Maia
Sweden,2011,girl,3,Julia,717,Julia
Sweden,2011,girl,4,Elsa,716,Elsa
Sweden,2011,girl,5,Linnea,715,Linnea|Linnéa
Sweden,2011,girl,6,Ella,693,Ella
Sweden,2011,girl,7,Ebba,683,Ebba
Sweden,2011,girl,8,Wilma,651,Wilma|Vilma
Sweden,2011,girl,9,Emma,635,Emma
Sweden,2011,girl,10,Nellie,609,Nellie|Nelly
Sweden,2012,boy,1,Oscar,916,Oscar|Oskar
Sweden,2012,boy,2,Lucas,897,Lucas|Lukas
Sweden,2012,boy,3,William,893,William
Sweden,2012,boy,4,Hugo,778,Hugo
Sweden,2012,boy,5,Elias,753,Elias
Sweden,2012,boy,6,Alexander,738,Alexander
Sweden,2012,boy,7,Liam,720,Liam
Sweden,2012,boy,8,Charlie,709,Charlie
Sweden,2012,boy,9,Filip,667,Filip|Philip
Sweden,2012,boy,10,Leo,666,Leo
Sweden,2012,girl,1,Alice,919,Alice
Sweden,2012,girl,2,Elsa,750,Elsa
Sweden,2012,girl,3,Julia,680,Julia
Sweden,2012,girl,4,Ella,664,Ella
Sweden,2012,girl,5,Maja,658,Maja|Maya|Maia
Sweden,2012,girl,6,Ebba,653,Ebba
Sweden,2012,girl,7,Emma,619,Emma
Sweden,2012,girl,8,Linnea,613,Linnea|Linnéa
Sweden,2012,girl,9,Klara,575,Klara|Clara
Sweden,2012,girl,10,Agnes,570,Agnes
Sweden,2012,girl,10,Wilma,570,Wilma|Vilma
Sweden,2013,boy,1,Lucas,927,Lucas|Lukas
Sweden,2013,boy,2,Oscar,900,Oscar|Oskar
Sweden,2013,boy,3,William,896,William
Sweden,2013,boy,4,Hugo,748,Hugo
Sweden,2013,boy,5,Charlie,711,Charlie
Sweden,2013,boy,6,Oliver,708,Oliver
Sweden,2013,boy,7,Liam,706,Liam
Sweden,2013,boy,8,Alexander,669,Alexander
Sweden,2013,boy,9,Axel,658,Axel
Sweden,2013,boy,9,Elias,658,Elias
Sweden,2013,girl,1,Alice,879,Alice
Sweden,2013,girl,2,Elsa,762,Elsa
Sweden,2013,girl,3,Maja,752,Maja|Maya|Maia
Sweden,2013,girl,4,Ella,688,Ella
Sweden,2013,girl,5,Julia,682,Julia
Sweden,2013,girl,6,Ebba,663,Ebba
Sweden,2013,girl,7,Alicia,602,Alicia
Sweden,2013,girl,8,Olivia,596,Olivia
Sweden,2013,girl,8,Wilma,596,Wilma|Vilma
Sweden,2013,girl,10,Alva,590,Alva
Sweden,2014,boy,1,Lucas,843,Lucas|Lukas
Sweden,2014,boy,2,William,830,William
Sweden,2014,boy,3,Oscar,804,Oscar|Oskar
Sweden,2014,boy,4,Liam,725,Liam
Sweden,2014,boy,5,Elias,698,Elias
Sweden,2014,boy,6,Hugo,696,Hugo
Sweden,2014,boy,7,Oliver,637,Oliver
Sweden,2014,boy,8,Charlie,627,Charlie
Sweden,2014,boy,9,Vincent,614,Vincent
Sweden,2014,boy,10,Alexander,612,Alexander
Sweden,2014,girl,1,Elsa,841,Elsa
Sweden,2014,girl,2,Alice,778,Alice
Sweden,2014,girl,3,Maja,712,Maja|Maya|Maia
Sweden,2014,girl,4,Agnes,668,Agnes
Sweden,2014,girl,5,Lilly,628,Lilly|Lily|Lillie
Sweden,2014,girl,6,Olivia,611,Olivia
Sweden,2014,girl,7,Julia,606,Julia
Sweden,2014,girl,8,Ebba,603,Ebba
Sweden,2014,girl,9,Linnea,590,Linnea|Linnéa
Sweden,2014,girl,10,Klara,572,Klara|Clara
Sweden,2015,boy,1,William,961,William
Sweden,2015,boy,2,Lucas,788,Lucas|Lukas
Sweden,2015,boy,3,Liam,750,Liam
Sweden,2015,boy,4,Oscar,736,Oscar|Oskar
Sweden,2015,boy,5,Elias,712,Elias
Sweden,2015,boy,6,Hugo,711,Hugo
Sweden,2015,boy,7,Charlie,658,Charlie
Sweden,2015,boy,8,Oliver,626,Oliver
Sweden,2015,boy,9,Axel,609,Axel
Sweden,2015,boy,10,Alexander,575,Alexander
Sweden,2015,girl,1,Elsa,864,Elsa
Sweden,2015,girl,2,Alice,828,Alice
Sweden,2015,girl,3,Maja,665,Maja|Maya|Maia
Sweden,2015,girl,4,Saga,656,Saga
Sweden,2015,girl,5,Ella,611,Ella
Sweden,2015,girl,6,Lilly,605,Lilly|Lily|Lillie
Sweden,2015,girl,7,Ebba,576,Ebba
Sweden,2015,girl,8,Wilma,573,Wilma|Vilma
Sweden,2015,girl,9,Olivia,572,Olivia
Sweden,2015,girl,10,Julia,567,Julia
Sweden,2016,boy,1,Oscar,875,Oscar|Oskar
Sweden,2016,boy,2,Lucas,847,Lucas|Lukas
Sweden,2016,boy,3,William,831,William
Sweden,2016,boy,4,Liam,788,Liam
Sweden,2016,boy,5,Hugo,687,Hugo
Sweden,2016,boy,6,Alexander,651,Alexander
Sweden,2016,boy,7,Charlie,643,Charlie
Sweden,2016,boy,8,Elias,641,Elias
Sweden,2016,boy,9,Noah,626,Noah|Noa
Sweden,2016,boy,10,Oliver,594,Oliver
Sweden,2016,girl,1,Alice,893,Alice
Sweden,2016,girl,2,Lilly,674,Lilly|Lily|Lillie
Sweden,2016,girl,3,Maja,647,Maja|Maya
Sweden,2016,girl,4,Elsa,634,Elsa
Sweden,2016,girl,5,Ella,614,Ella
Sweden,2016,girl,6,Alicia,608,Alicia
Sweden,2016,girl,7,Ebba,596,Ebba
Sweden,2016,girl,8,Julia,591,Julia
Sweden,2016,girl,9,Wilma,580,Wilma|Vilma
Sweden,2016,girl,10,Olivia,578,Olivia
Sweden,2017,boy,1,William,918,William
Sweden,2017,boy,2,Oscar,892,Oscar|Oskar
Sweden,2017,boy,3,Liam,823,Liam
Sweden,2017,boy,4,Lucas,785,Lucas|Lukas
Sweden,2017,boy,5,Alexander,673,Alexander
Sweden,2017,boy,6,Hugo,670,Hugo
Sweden,2017,boy,7,Oliver,658,Oliver
Sweden,2017,boy,8,Noah,653,Noah|Noa
Sweden,2017,boy,9,Elias,650,Elias
Sweden,2017,boy,10,Adam,610,Adam
Sweden,2017,girl,1,Alice,871,Alice
Sweden,2017,girl,2,Alicia,647,Alicia
Sweden,2017,girl,3,Olivia,611,Olivia
Sweden,2017,girl,4,Ebba,593,Ebba
Sweden,2017,girl,5,Ella,579,Ella
Sweden,2017,girl,6,Astrid,571,Astrid
Sweden,2017,girl,7,Saga,564,Saga
Sweden,2017,girl,8,Lilly,562,Lilly|Lily|Lillie
Sweden,2017,girl,9,Wilma,551,Wilma|Vilma
Sweden,2017,girl,10,Agnes,541,Agnes
Sweden,2017,girl,10,Maja,541,Maja|Maya|Maia
Sweden,2018,boy,1,William,846,William
Sweden,2018,boy,2,Liam,830,Liam
Sweden,2018,boy,3,Noah,729,Noah|Noa
Sweden,2018,boy,4,Lucas,717,Lucas|Lukas
Sweden,2018,boy,5,Oscar,703,Oscar|Oskar
Sweden,2018,boy,6,Hugo,681,Hugo
Sweden,2018,boy,7,Elias,672,Elias
Sweden,2018,boy,8,Adam,635,Adam
Sweden,2018,boy,9,Oliver,611,Oliver
Sweden,2018,boy,10,Alexander,598,Alexander
Sweden,2018,girl,1,Alice,751,Alice
Sweden,2018,girl,2,Maja,647,Maja|Maya|Maia
Sweden,2018,girl,3,Lilly,612,Lilly|Lily|Lillie
Sweden,2018,girl,4,Ebba,597,Ebba
Sweden,2018,girl,4,Wilma,597,Wilma|Vilma
Sweden,2018,girl,6,Ella,593,Ella
Sweden,2018,girl,7,Alma,564,Alma
Sweden,2018,girl,7,Astrid,564,Astrid
Sweden,2018,girl,9,Olivia,560,Olivia
Sweden,2018,girl,10,Elsa,549,Elsa
Sweden,2019,boy,1,Liam,759,Liam
Sweden,2019,boy,2,Lucas,756,Lucas|Lukas
Sweden,2019,boy,3,William,725,William
Sweden,2019,boy,4,Elias,703,Elias
Sweden,2019,boy,5,Noah,680,Noah|Noa
Sweden,2019,boy,6,Hugo,669,Hugo
Sweden,2019,boy,7,Oscar,643,Oscar|Oskar
Sweden,2019,boy,8,Adam,612,Adam
Sweden,2019,boy,9,Matteo,577,Matteo|Matheo|Mateo
Sweden,2019,boy,10,Oliver,565,Oliver
Sweden,2019,boy,10,Valter,565,Walter|Valter
Sweden,2019,girl,1,Alice,670,Alice
Sweden,2019,girl,2,Astrid,625,Astrid
Sweden,2019,girl,3,Olivia,620,Olivia
Sweden,2019,girl,4,Maja,607,Maja|Maya|Maia
Sweden,2019,girl,5,Ebba,590,Ebba
Sweden,2019,girl,6,Wilma,569,Wilma|Vilma
Sweden,2019,girl,7,Vera,564,Vera
Sweden,2019,girl,8,Ella,563,Ella
Sweden,2019,girl,9,Alma,561,Alma
Sweden,2019,girl,10,Agnes,555,Agnes
Sweden,2020,boy,1,Noah,757,Noah|Noa
Sweden,2020,boy,2,William,729,William
Sweden,2020,boy,3,Hugo,712,Hugo
Sweden,2020,boy,4,Lucas,705,Lucas|Lukas
Sweden,2020,boy,5,Liam,694,Liam
Sweden,2020,boy,6,Oscar,668,Oscar|Oskar
Sweden,2020,boy,7,Matteo,629,Matteo|Matheo|Mateo
Sweden,2020,boy,8,Elias,625,Elias
Sweden,2020,boy,9,Adam,592,Adam
Sweden,2020,boy,10,Oliver,576,Oliver
Sweden,2020,girl,1,Alice,773,Alice
Sweden,2020,girl,2,Maja,665,Maja|Maya|Maia
Sweden,2020,girl,3,Elsa,635,Elsa
Sweden,2020,girl,4,Wilma,607,Wilma|Vilma
Sweden,2020,girl,5,Astrid,605,Astrid
Sweden,2020,girl,6,Alma,576,Alma
Sweden,2020,girl,7,Selma,574,Selma
Sweden,2020,girl,8,Olivia,563,Olivia
Sweden,2020,girl,9,Freja,561,Freja|Freya
Sweden,2020,girl,10,Lilly,558,Lilly|Lily|Lillie
Sweden,2021,boy,1,Noah,741,Noah|Noa
Sweden,2021,boy,2,William,714,William
Sweden,2021,boy,3,Hugo,679,Hugo
Sweden,2021,boy,3,Liam,679,Liam
Sweden,2021,boy,5,Lucas,659,Lucas|Lukas
Sweden,2021,boy,6,Adam,638,Adam
Sweden,2021,boy,7,Matteo,622,Matteo|Matheo|Mateo|Mattheo
Sweden,2021,boy,8,Oliver,574,Oliver
Sweden,2021,boy,9,Elias,562,Elias
Sweden,2021,boy,10,Frans,561,Frans
Sweden,2021,girl,1,Alice,691,Alice
Sweden,2021,girl,2,Maja,670,Maja|Maya|Maia
Sweden,2021,girl,3,Alma,667,Alma
Sweden,2021,girl,4,Selma,656,Selma
Sweden,2021,girl,5,Elsa,650,Elsa
Sweden,2021,girl,6,Vera,626,Vera
Sweden,2021,girl,7,Lilly,613,Lilly|Lily|Lillie
Sweden,2021,girl,8,Astrid,596,Astrid
Sweden,2021,girl,9,Ella,589,Ella
Sweden,2021,girl,10,Wilma,583,Wilma|Vilma
Sweden,2022,boy,1,Liam,677,Liam
Sweden,2022,boy,2,Noah,676,Noah|Noa
Sweden,2022,boy,3,William,674,William
Sweden,2022,boy,4,Hugo,643,Hugo
Sweden,2022,boy,5,Lucas,610,Lucas|Lukas
Sweden,2022,boy,6,Nils,576,Nils
Sweden,2022,boy,7,Oliver,575,Oliver
Sweden,2022,boy,8,Matteo,562,Matteo|Matheo|Mateo|Mattheo
Sweden,2022,boy,9,Adam,552,Adam
Sweden,2022,boy,10,Valter,551,Valter|Walter
Sweden,2022,girl,1,Astrid,603,Astrid
Sweden,2022,girl,2,Alma,595,Alma
Sweden,2022,girl,3,Maja,594,Maja|Maya|Maia
Sweden,2022,girl,4,Leah,558,Leah|Lea
Sweden,2022,girl,5,Freja,551,Freja|Freya
Sweden,2022,girl,6,Ella,547,Ella
Sweden,2022,girl,7,Alice,539,Alice
Sweden,2022,girl,8,Selma,538,Selma
Sweden,2022,girl,9,Vera,537,Vera
Sweden,2022,girl,10,Elsa,526,Elsa
